City_ID,City,Country,Date,Lat,Lng,Max Temp,Humidity,Cloudiness,Wind Speed
0,Ushuaia,AR,2021-09-24 15:28:03,-54.8,-68.3,55.06,50,75,12.66
1,Cape Town,ZA,2021-09-24 15:25:41,-33.9258,18.4232,66.61,59,0,16.11
2,Rikitea,PF,2021-09-24 15:23:28,-23.1203,-134.9692,73.47,78,100,21.09
3,Arraial Do Cabo,BR,2021-09-24 15:28:03,-22.9661,-42.0278,76.96,43,0,25.32
4,Dikson,RU,2021-09-24 15:28:04,73.5069,80.5464,35.49,82,100,14.29
5,Leku,ET,2021-09-24 15:28:04,6.8667,38.45,62.78,88,96,4.16
6,Busselton,AU,2021-09-24 15:27:44,-33.65,115.3333,50.09,75,20,14.97
7,Sao Filipe,CV,2021-09-24 15:28:05,14.8961,-24.4956,79.03,76,57,6.15
8,Port Lincoln,AU,2021-09-24 15:28:05,-34.7333,135.8667,52.61,68,100,11.3
9,Nikolskoye,RU,2021-09-24 15:28:05,59.7035,30.7861,50.4,82,100,6.71
10,Ewa Beach,US,2021-09-24 15:28:06,21.3156,-158.0072,76.98,77,1,11.01
11,Punta Arenas,CL,2021-09-24 15:28:06,-53.15,-70.9167,53.71,62,75,14.97
12,Kharan,PK,2021-09-24 15:28:06,28.5833,65.4167,90.03,9,0,1.23
13,Bluff,NZ,2021-09-24 15:28:07,-46.6,168.3333,50.81,72,99,27.27
14,Severo-Kurilsk,RU,2021-09-24 15:28:07,50.6789,156.125,48.4,95,100,27.98
15,Jamestown,US,2021-09-24 15:24:48,42.097,-79.2353,62.02,64,90,8.99
16,Ozernovskiy,RU,2021-09-24 15:28:07,51.5,156.5167,48.22,85,100,9.22
17,Chokurdakh,RU,2021-09-24 15:28:08,70.6333,147.9167,32.81,78,99,12.39
18,Qaanaaq,GL,2021-09-24 15:28:08,77.484,-69.3632,16.29,67,20,5.93
19,Albany,US,2021-09-24 15:26:45,42.6001,-73.9662,67.17,78,27,2.95
20,Mataura,NZ,2021-09-24 15:28:09,-46.1927,168.8643,50.49,78,98,9.17
21,Bonthe,SL,2021-09-24 15:28:09,7.5264,-12.505,84.87,66,57,10.78
22,Vardo,NO,2021-09-24 15:28:10,70.3705,31.1107,49.75,82,100,18.5
23,Bengkulu,ID,2021-09-24 15:28:10,-3.8004,102.2655,77.27,88,94,3.91
24,Constitucion,CL,2021-09-24 15:28:10,-35.3333,-72.4167,66.15,53,0,4.29
25,Adrar,MR,2021-09-24 15:28:11,20.5022,-10.0711,100.9,12,98,5.48
26,Bredasdorp,ZA,2021-09-24 15:28:11,-34.5322,20.0403,67.32,52,29,13.8
27,Mar Del Plata,AR,2021-09-24 15:27:33,-38.0023,-57.5575,59.02,30,40,15.01
28,Hobart,AU,2021-09-24 15:24:39,-42.8794,147.3294,40.05,71,40,8.01
29,Porto Belo,BR,2021-09-24 15:28:12,-27.1578,-48.5531,73.69,83,98,4.25
30,Hithadhoo,MV,2021-09-24 15:28:12,-0.6,73.0833,81.91,69,100,7.02
31,El Tigre,VE,2021-09-24 15:28:13,8.8875,-64.2454,86.81,55,54,7.87
32,Upernavik,GL,2021-09-24 15:28:13,72.7868,-56.1549,25.57,88,100,5.23
33,Saint-Pierre,RE,2021-09-24 15:28:13,-21.3393,55.4781,73.08,74,0,12.66
34,Lethem,GY,2021-09-24 15:28:14,3.3803,-59.7968,90.54,51,91,9.28
35,Yellowknife,CA,2021-09-24 15:28:14,62.456,-114.3525,44.42,99,90,7.0
36,Tutoia,BR,2021-09-24 15:28:14,-2.7619,-42.2744,89.58,52,2,14.72
37,Batagay-Alyta,RU,2021-09-24 15:28:14,67.8006,130.4114,29.55,89,100,3.4
38,Atuona,PF,2021-09-24 15:28:15,-9.8,-139.0333,77.59,73,58,18.52
39,Moroni,KM,2021-09-24 15:28:15,-11.7022,43.2551,80.6,74,40,12.66
40,Buala,SB,2021-09-24 15:25:11,-8.145,159.5921,79.14,83,83,3.29
41,East London,ZA,2021-09-24 15:27:11,-33.0153,27.9116,65.34,72,0,6.91
42,Vao,NC,2021-09-24 15:28:16,-22.6667,167.4833,68.56,62,100,10.67
43,Kavieng,PG,2021-09-24 15:28:16,-2.5744,150.7967,82.24,76,52,14.34
44,Puerto Ayora,EC,2021-09-24 15:28:17,-0.7393,-90.3518,71.56,80,95,7.96
45,Hilo,US,2021-09-24 15:27:26,19.7297,-155.09,73.27,68,1,8.05
46,Itoman,JP,2021-09-24 15:28:17,26.1247,127.6694,80.62,73,20,9.22
47,Lichinga,MZ,2021-09-24 15:28:17,-13.3128,35.2406,71.69,53,75,4.61
48,Sitka,US,2021-09-24 15:28:18,57.0531,-135.33,53.49,76,90,11.5
49,Khatanga,RU,2021-09-24 15:28:18,71.9667,102.5,31.82,88,93,3.15
50,Camacupa,AO,2021-09-24 15:28:18,-12.0167,17.4833,93.56,6,9,10.16
51,Ankang,CN,2021-09-24 15:28:19,32.68,109.0172,72.37,96,93,2.98
52,Hundorp,NO,2021-09-24 15:28:19,61.5552,9.9407,50.41,77,97,5.95
53,Cherskiy,RU,2021-09-24 15:28:20,68.75,161.3,28.33,82,100,7.34
54,Kudahuvadhoo,MV,2021-09-24 15:28:20,2.6708,72.8944,78.4,78,100,7.72
55,Jutai,BR,2021-09-24 15:28:20,-5.1833,-68.9,89.87,53,88,3.53
56,Kaitangata,NZ,2021-09-24 15:28:21,-46.2817,169.8464,46.49,78,100,7.58
57,Port Alfred,ZA,2021-09-24 15:28:21,-33.5906,26.891,64.65,69,100,10.51
58,Bima,ID,2021-09-24 15:28:21,-8.4667,118.7167,76.15,89,42,3.71
59,Ribeira Grande,PT,2021-09-24 15:28:22,38.5167,-28.7,72.0,73,20,14.97
60,Barrow,US,2021-09-24 15:28:22,71.2906,-156.7887,24.82,86,75,3.44
61,Necochea,AR,2021-09-24 15:28:22,-38.5473,-58.7368,69.04,67,12,6.17
62,Hermanus,ZA,2021-09-24 15:28:23,-34.4187,19.2345,63.81,77,13,7.67
63,Keetmanshoop,NA,2021-09-24 15:28:23,-26.5833,18.1333,85.12,4,0,7.72
64,Windsor,CA,2021-09-24 15:25:21,42.3001,-83.0165,64.06,75,1,1.99
65,San Policarpo,PH,2021-09-24 15:28:23,12.1791,125.5072,82.29,82,46,8.39
66,Baiyin,CN,2021-09-24 15:28:24,36.5583,104.2081,61.68,66,79,2.95
67,Baruun-Urt,MN,2021-09-24 15:28:24,46.6806,113.2792,51.22,93,0,10.47
68,Vawkavysk,BY,2021-09-24 15:28:24,53.1561,24.4513,53.29,80,100,18.41
69,Longyearbyen,SJ,2021-09-24 15:28:25,78.2186,15.6401,46.24,71,75,8.05
70,Bathsheba,BB,2021-09-24 15:28:25,13.2167,-59.5167,90.21,62,40,11.5
71,Saskylakh,RU,2021-09-24 15:28:26,71.9167,114.0833,33.49,89,100,7.74
72,Airai,TL,2021-09-24 15:28:26,-8.9266,125.4092,59.02,79,90,0.85
73,Dodge City,US,2021-09-24 15:28:26,37.7528,-100.0171,69.94,48,1,0.0
74,Cap Malheureux,MU,2021-09-24 15:28:27,-19.9842,57.6142,72.46,73,0,11.99
75,Talaya,RU,2021-09-24 15:28:27,61.3833,152.75,31.57,86,6,3.47
76,Lompoc,US,2021-09-24 15:28:27,34.6391,-120.4579,57.31,97,90,0.0
77,Kasongo-Lunda,CD,2021-09-24 15:28:28,-6.4667,16.8167,88.3,42,100,7.16
78,Yangjiang,CN,2021-09-24 15:28:28,21.85,111.9667,78.08,90,18,6.51
79,Kodiak,US,2021-09-24 15:28:29,57.79,-152.4072,42.31,42,1,28.77
80,Chupa,RU,2021-09-24 15:28:29,66.27,33.0549,46.29,95,100,6.58
81,New Norfolk,AU,2021-09-24 15:28:29,-42.7826,147.0587,39.7,65,70,5.01
82,Kikwit,CD,2021-09-24 15:28:30,-5.041,18.8162,92.62,31,93,6.4
83,Sehithwa,BW,2021-09-24 15:28:30,-20.4667,22.7167,94.1,11,0,9.91
84,Bubaque,GW,2021-09-24 15:28:30,11.2833,-15.8333,82.29,72,73,4.94
85,Tobol,KZ,2021-09-24 15:28:31,52.6844,62.5794,48.29,39,78,7.63
86,Grande Prairie,CA,2021-09-24 15:28:31,55.1667,-118.8027,44.78,87,75,2.3
87,Deputatskiy,RU,2021-09-24 15:28:31,69.3,139.9,26.38,86,48,5.14
88,Chumikan,RU,2021-09-24 15:28:32,54.7183,135.315,50.58,68,13,17.4
89,Mildura,AU,2021-09-24 15:28:32,-34.2,142.15,46.36,76,0,5.75
90,Chuy,UY,2021-09-24 15:28:32,-33.6971,-53.4616,62.92,69,0,10.49
91,Bilma,NE,2021-09-24 15:28:33,18.6853,12.9164,101.77,7,47,4.9
92,Bethel,US,2021-09-24 15:24:32,41.3712,-73.414,66.02,83,75,6.91
93,Doha,QA,2021-09-24 15:24:01,25.2867,51.5333,91.71,40,0,6.91
94,Panaba,MX,2021-09-24 15:28:33,21.2833,-88.2667,84.0,70,91,2.15
95,Winnemucca,US,2021-09-24 15:27:32,40.973,-117.7357,48.25,46,1,4.61
96,Vila,PT,2021-09-24 15:28:34,42.0304,-8.1588,67.23,37,41,9.84
97,Miri,MY,2021-09-24 15:28:34,4.4148,114.0089,78.94,94,40,2.3
98,Vaini,TO,2021-09-24 15:28:34,-21.2,-175.2,68.16,83,20,13.8
99,Tuktoyaktuk,CA,2021-09-24 15:28:34,69.4541,-133.0374,30.2,93,90,13.8
100,Sassandra,CI,2021-09-24 15:28:35,4.95,-6.0833,83.41,72,35,10.45
101,Souillac,MU,2021-09-24 15:28:35,-20.5167,57.5167,72.36,78,40,11.5
102,Basoko,CD,2021-09-24 15:28:35,1.2391,23.616,70.95,90,100,1.81
103,Mizdah,LY,2021-09-24 15:28:36,31.4451,12.9801,91.62,26,7,4.83
104,Gimli,CA,2021-09-24 15:28:36,50.6336,-96.9907,51.82,50,67,8.05
105,Pullman,US,2021-09-24 15:23:40,46.7313,-117.1796,57.9,75,1,7.0
106,Gretna,US,2021-09-24 15:28:37,29.9147,-90.054,75.2,55,1,4.0
107,Bongandanga,CD,2021-09-24 15:28:37,1.5,21.05,74.89,79,100,2.77
108,Ayan,RU,2021-09-24 15:28:37,56.45,138.1667,52.86,60,0,4.83
109,Belmonte,BR,2021-09-24 15:28:37,-15.8631,-38.8828,77.0,54,75,9.51
110,Fukue,JP,2021-09-24 15:28:38,32.6881,128.8419,74.79,74,0,15.68
111,Kahului,US,2021-09-24 15:28:38,20.8947,-156.47,73.42,87,20,10.36
112,Victoria,HK,2021-09-24 15:25:20,22.2855,114.1577,86.38,81,6,8.01
113,Hobbs,US,2021-09-24 15:28:39,32.7026,-103.136,74.07,34,1,4.0
114,Butaritari,KI,2021-09-24 15:28:39,3.0707,172.7902,82.85,75,67,15.79
115,Teguldet,RU,2021-09-24 15:28:39,57.3064,88.1667,34.61,83,100,7.83
116,Port Macquarie,AU,2021-09-24 15:28:40,-31.4333,152.9167,51.76,55,0,6.38
117,Eyl,SO,2021-09-24 15:28:40,7.9803,49.8164,80.46,61,80,18.12
118,Petersburg,US,2021-09-24 15:24:13,37.2279,-77.4019,72.21,58,1,9.22
119,Kapaa,US,2021-09-24 15:28:40,22.0752,-159.319,77.32,78,40,1.01
120,Hasaki,JP,2021-09-24 15:28:41,35.7333,140.8333,72.28,69,100,15.23
121,Hervey Bay,AU,2021-09-24 15:28:41,-25.2986,152.8535,67.01,71,1,12.62
122,Erzurum,TR,2021-09-24 15:28:41,40.0,41.5,44.28,89,100,3.56
123,Dunedin,NZ,2021-09-24 15:26:12,-45.8742,170.5036,55.36,58,53,10.22
124,Panama City,PA,2021-09-24 15:27:02,8.9936,-79.5197,84.92,81,75,0.0
125,Menongue,AO,2021-09-24 15:28:42,-14.6585,17.691,95.27,7,6,12.41
126,Carutapera,BR,2021-09-24 15:28:42,-1.195,-46.02,88.9,53,59,11.12
127,Port Elizabeth,ZA,2021-09-24 15:28:43,-33.918,25.5701,66.09,63,0,14.97
128,La Palma,US,2021-09-24 15:28:43,33.8464,-118.0467,76.95,89,75,0.0
129,Pafos,CY,2021-09-24 15:27:33,34.7667,32.4167,78.71,54,1,8.55
130,Ternate,ID,2021-09-24 15:28:43,0.8,127.4,79.63,80,100,7.96
131,Sorong,ID,2021-09-24 15:28:44,-0.8833,131.25,75.43,88,100,7.07
132,Castro,BR,2021-09-24 15:26:17,-24.7911,-50.0119,76.03,43,94,5.12
133,Tasiilaq,GL,2021-09-24 15:28:44,65.6145,-37.6368,35.76,73,100,3.06
134,Svetlyy,RU,2021-09-24 15:28:44,54.675,20.1347,57.25,73,72,21.83
135,Zlutice,CZ,2021-09-24 15:28:45,50.0919,13.163,63.34,76,94,9.66
136,Alofi,NU,2021-09-24 15:28:45,-19.0595,-169.9187,71.49,88,14,4.61
137,Yantal,RU,2021-09-24 15:28:45,56.8471,105.2542,38.93,95,100,3.29
138,Vostok,RU,2021-09-24 15:28:46,46.4856,135.8833,40.26,86,75,2.98
139,Kerman,IR,2021-09-24 15:28:46,30.2832,57.0788,84.06,13,20,13.8
140,Weatherford,US,2021-09-24 15:28:46,32.7593,-97.7972,77.79,45,74,1.01
141,Tiksi,RU,2021-09-24 15:28:47,71.6872,128.8694,32.74,84,100,12.75
142,Tarancon,ES,2021-09-24 15:28:47,40.0085,-3.0073,69.89,47,100,11.12
143,Rabo De Peixe,PT,2021-09-24 15:28:47,37.8,-25.5833,69.31,68,40,8.05
144,Faya,SA,2021-09-24 15:28:48,18.3851,42.4509,71.71,52,97,9.35
145,Andrews,US,2021-09-24 15:28:48,32.3187,-102.5457,72.07,34,1,12.66
146,Inhambane,MZ,2021-09-24 15:28:48,-23.865,35.3833,76.98,50,0,12.66
147,Carnarvon,AU,2021-09-24 15:28:49,-24.8667,113.6333,68.07,77,75,18.41
148,Lebu,CL,2021-09-24 15:28:49,-37.6167,-73.65,59.85,64,9,7.2
149,Pacific Grove,US,2021-09-24 15:28:49,36.6177,-121.9166,66.58,93,90,1.01
150,Cabo San Lucas,MX,2021-09-24 15:28:50,22.8909,-109.9124,86.5,72,3,6.62
151,Hami,CN,2021-09-24 15:28:50,42.8,93.45,69.98,28,56,16.35
152,Tuatapere,NZ,2021-09-24 15:28:50,-46.1333,167.6833,50.83,93,99,10.16
153,Labuan,MY,2021-09-24 15:28:51,5.2767,115.2417,80.76,89,20,0.0
154,Acari,PE,2021-09-24 15:28:51,-15.4311,-74.6158,76.64,48,24,6.73
155,Shimoda,JP,2021-09-24 15:28:51,34.6667,138.95,72.1,81,100,9.42
156,Hays,US,2021-09-24 15:26:02,30.0502,-98.0336,76.39,58,39,1.99
157,Hamilton,US,2021-09-24 15:24:19,39.1834,-84.5333,67.75,66,1,1.99
158,Saldanha,ZA,2021-09-24 15:28:52,-33.0117,17.9442,66.25,75,75,9.01
159,Ust-Ilimsk,RU,2021-09-24 15:28:52,58.0006,102.6619,37.13,79,100,3.06
160,Vyborg,RU,2021-09-24 15:28:52,60.7076,28.7528,47.88,73,100,5.14
161,San Cristobal,VE,2021-09-24 15:28:53,7.7669,-72.225,86.18,79,99,6.06
162,Miyang,CN,2021-09-24 15:28:53,24.4042,103.4428,64.09,95,10,2.19
163,West Wendover,US,2021-09-24 15:28:53,40.7391,-114.0733,56.41,41,1,3.44
164,Jumla,NP,2021-09-24 15:28:54,29.2747,82.1838,60.82,90,75,1.61
165,Petropavlovsk-Kamchatskiy,RU,2021-09-24 15:28:54,53.0452,158.6483,36.19,100,20,4.47
166,Bambous Virieux,MU,2021-09-24 15:28:55,-20.3428,57.7575,72.21,78,40,11.5
167,Santiago Del Estero,AR,2021-09-24 15:28:55,-27.7951,-64.2615,74.8,29,0,7.18
168,Liusha,CN,2021-09-24 15:28:55,27.2098,108.59,69.51,85,0,2.98
169,Honningsvag,NO,2021-09-24 15:28:56,70.9821,25.9704,49.75,71,75,17.27
170,Ambilobe,MG,2021-09-24 15:28:56,-13.2,49.05,76.1,69,6,3.89
171,Moose Factory,CA,2021-09-24 15:28:56,51.2585,-80.6094,53.58,87,90,13.8
172,Itarema,BR,2021-09-24 15:28:57,-2.9248,-39.9167,90.75,49,13,18.7
173,Douglas,US,2021-09-24 15:28:57,41.3,-96.167,67.89,66,1,3.0
174,Ancud,CL,2021-09-24 15:28:57,-41.8697,-73.8203,63.43,82,100,5.97
175,Leshukonskoye,RU,2021-09-24 15:28:58,64.8989,45.7622,49.19,73,97,9.98
176,Chara,RU,2021-09-24 15:28:58,56.9064,118.2631,36.41,82,50,2.15
177,Kyren,RU,2021-09-24 15:28:58,51.6828,102.1408,42.58,90,100,2.71
178,Comodoro Rivadavia,AR,2021-09-24 15:28:58,-45.8667,-67.5,73.26,28,0,18.41
179,Yar-Sale,RU,2021-09-24 15:28:59,66.8333,70.8333,38.82,92,100,4.21
180,Thompson,CA,2021-09-24 15:28:59,55.7435,-97.8558,42.96,93,90,11.5
181,Champasak,LA,2021-09-24 15:28:59,14.75,106.0,72.43,99,100,3.78
182,Nazarovo,RU,2021-09-24 15:29:00,56.0064,90.3914,34.5,93,100,5.46
183,Umm Kaddadah,SD,2021-09-24 15:29:00,13.6017,26.6876,97.63,14,100,15.9
184,Xichang,CN,2021-09-24 15:29:01,27.8964,102.2634,65.62,87,2,2.86
185,San Lorenzo,PY,2021-09-24 15:29:01,-25.3333,-57.5333,77.94,41,0,10.0
186,Rudsar,IR,2021-09-24 15:29:01,37.1376,50.288,77.05,81,1,3.87
187,Teguise,ES,2021-09-24 15:29:02,29.0605,-13.564,79.02,44,20,11.5
188,Shelopugino,RU,2021-09-24 15:29:02,51.6514,117.5599,42.3,72,99,2.95
189,Pevek,RU,2021-09-24 15:29:03,69.7008,170.3133,27.97,78,100,9.82
190,Caravelas,BR,2021-09-24 15:29:03,-17.7125,-39.2481,77.47,48,67,9.51
191,Sinnamary,GF,2021-09-24 15:29:03,5.3833,-52.95,86.74,65,94,8.21
192,Grand Gaube,MU,2021-09-24 15:29:04,-20.0064,57.6608,72.37,73,0,11.99
193,Kirakira,SB,2021-09-24 15:25:11,-10.4544,161.9205,77.7,86,47,7.23
194,Brae,GB,2021-09-24 15:29:04,60.3964,-1.353,53.51,79,76,28.05
195,Viesca,MX,2021-09-24 15:29:05,25.35,-102.8,74.23,45,68,2.89
196,Alta,NO,2021-09-24 15:29:05,69.9689,23.2717,47.46,66,75,11.5
197,Lata,PT,2021-09-24 15:29:05,40.1629,-8.3327,78.04,54,15,7.67
198,Katsuura,JP,2021-09-24 15:29:06,35.1333,140.3,77.14,77,100,11.3
199,Bukachacha,RU,2021-09-24 15:29:06,52.9833,116.9167,40.23,88,62,2.8
200,Provideniya,RU,2021-09-24 15:29:07,64.3833,-173.3,34.18,93,100,19.24
201,Igurubi,TZ,2021-09-24 15:29:07,-4.0,33.7,81.55,36,100,14.52
202,Apartado,CO,2021-09-24 15:29:07,7.883,-76.6259,78.24,87,100,1.59
203,Bandarbeyla,SO,2021-09-24 15:29:08,9.4942,50.8122,83.8,58,99,26.17
204,Zhezkazgan,KZ,2021-09-24 15:29:08,47.8043,67.7144,52.97,24,45,16.15
205,Saint-Philippe,RE,2021-09-24 15:29:08,-21.3585,55.7679,72.99,83,49,12.59
206,Naze,JP,2021-09-24 15:29:09,28.3667,129.4833,76.91,64,31,10.36
207,Beringovskiy,RU,2021-09-24 15:29:10,63.05,179.3167,32.31,95,100,28.61
208,Ahipara,NZ,2021-09-24 15:29:10,-35.1667,173.1667,52.5,86,4,6.04
209,Ipubi,BR,2021-09-24 15:29:11,-7.6519,-40.1489,88.48,37,45,11.86
210,Lago Da Pedra,BR,2021-09-24 15:29:12,-4.3333,-45.1667,97.38,34,39,6.49
211,San Quintin,MX,2021-09-24 15:29:12,30.4833,-115.95,69.22,81,24,8.25
212,Kieta,PG,2021-09-24 15:29:12,-6.2167,155.6333,77.99,84,100,4.52
213,Madang,PG,2021-09-24 15:29:13,-5.2246,145.7966,77.61,90,66,5.48
214,Dudinka,RU,2021-09-24 15:29:13,69.4058,86.1778,32.02,80,1,4.65
215,Barra Patuca,HN,2021-09-24 15:29:13,15.8,-84.2833,84.24,69,41,3.36
216,Gushikawa,JP,2021-09-24 15:29:14,26.3544,127.8686,79.83,83,1,6.91
217,Havre-Saint-Pierre,CA,2021-09-24 15:29:14,50.2334,-63.5986,55.99,67,90,8.05
218,Viedma,AR,2021-09-24 15:29:14,-40.8135,-62.9967,75.51,28,0,16.06
219,Arman,RU,2021-09-24 15:29:15,59.7,150.1667,44.17,75,7,3.6
220,Kirovskiy,RU,2021-09-24 15:29:15,45.0917,133.5136,47.79,83,18,2.64
221,Verkh-Usugli,RU,2021-09-24 15:29:15,52.7,115.1667,42.08,83,99,2.28
222,Narsaq,GL,2021-09-24 15:29:16,60.9167,-46.05,35.82,39,0,2.64
223,Slave Lake,CA,2021-09-24 15:29:16,55.2834,-114.769,35.58,80,90,5.75
224,San Patricio,US,2021-09-24 15:29:16,28.017,-97.5169,82.26,50,0,6.38
225,Esperance,AU,2021-09-24 15:29:17,-33.8667,121.9,46.24,76,10,9.57
226,Lavrentiya,RU,2021-09-24 15:29:17,65.5833,-171.0,32.4,85,100,21.23
227,Grindavik,IS,2021-09-24 15:29:18,63.8424,-22.4338,46.35,76,75,13.8
228,Hambantota,LK,2021-09-24 15:29:18,6.1241,81.1185,79.14,100,75,4.61
229,Crossville,US,2021-09-24 15:29:19,35.949,-85.0269,63.9,60,1,5.01
230,Hurricane,US,2021-09-24 15:29:19,37.1753,-113.2899,73.74,26,0,5.64
231,Matamoros,MX,2021-09-24 15:25:17,25.5333,-103.25,72.93,44,87,2.19
232,Cananeia,BR,2021-09-24 15:29:20,-25.0147,-47.9267,69.3,73,88,4.09
233,Alihe,CN,2021-09-24 15:29:20,50.5667,123.7167,50.68,97,100,2.59
234,Ginda,IN,2021-09-24 15:29:20,30.6945,78.4932,63.16,88,31,3.53
235,Chama,CH,2021-09-24 15:29:21,47.1821,8.4636,77.05,70,0,3.44
236,Lauenburg,DE,2021-09-24 15:29:21,53.372,10.5565,64.99,85,100,11.34
237,Anadyr,RU,2021-09-24 15:29:21,64.75,177.4833,23.5,85,40,8.01
238,Haines Junction,CA,2021-09-24 15:29:22,60.7522,-137.5108,37.35,93,91,6.91
239,Pouembout,NC,2021-09-24 15:29:22,-21.1333,164.9,67.08,74,100,5.95
240,Otane,NZ,2021-09-24 15:29:22,-39.8833,176.6333,46.0,94,2,2.62
241,Svetlaya,RU,2021-09-24 15:29:23,46.5389,138.3297,50.58,76,15,5.66
242,Bataipora,BR,2021-09-24 15:29:23,-22.2953,-53.2711,93.49,22,57,3.13
243,Pangnirtung,CA,2021-09-24 15:29:23,66.1451,-65.7125,35.6,60,20,11.5
244,Acara,BR,2021-09-24 15:29:24,-1.9608,-48.1967,93.63,42,34,5.21
245,Pisco,PE,2021-09-24 15:29:24,-13.7,-76.2167,64.02,88,20,10.36
246,Korla,CN,2021-09-24 15:29:24,41.7597,86.1469,71.85,28,1,10.16
247,Oranjemund,NA,2021-09-24 15:29:25,-28.55,16.4333,62.26,71,17,16.33
248,Morant Bay,JM,2021-09-24 15:29:25,17.8815,-76.4093,87.42,67,32,6.31
249,Karlshamn,SE,2021-09-24 15:29:25,56.1706,14.8619,59.92,78,91,12.71
250,Graham,US,2021-09-24 15:29:26,47.0529,-122.2943,56.05,96,90,0.0
251,Broome,US,2021-09-24 15:29:26,42.2506,-75.833,62.46,65,90,3.0
252,Ponta Do Sol,PT,2021-09-24 15:29:26,32.6667,-17.1,74.03,91,56,2.21
253,Akyab,MM,2021-09-24 15:29:27,20.15,92.9,80.29,88,100,9.57
254,Yumen,CN,2021-09-24 15:29:27,40.2833,97.2,69.94,22,2,4.52
255,Klaksvik,FO,2021-09-24 15:29:27,62.2266,-6.589,47.32,75,99,23.85
256,Lafia,NG,2021-09-24 15:29:28,8.4833,8.5167,78.17,84,99,3.42
257,Turan,VN,2021-09-24 15:29:28,16.0678,108.2208,80.65,83,40,1.14
258,Krasnoselkup,RU,2021-09-24 15:29:28,65.7,82.4667,32.72,82,31,10.13
259,Saint George,US,2021-09-24 15:29:29,37.1041,-113.5841,75.67,28,1,1.01
260,Aguimes,ES,2021-09-24 15:29:29,27.9054,-15.4461,76.66,63,40,17.27
261,Touros,BR,2021-09-24 15:29:29,-5.1989,-35.4608,90.5,57,5,19.73
262,Iqaluit,CA,2021-09-24 15:29:29,63.7506,-68.5145,31.73,80,90,11.99
263,Salalah,OM,2021-09-24 15:29:30,17.0151,54.0924,82.49,89,75,10.36
264,Fort Nelson,CA,2021-09-24 15:29:30,58.8053,-122.7002,38.79,81,75,4.61
265,Asfi,MA,2021-09-24 15:29:30,32.2994,-9.2372,70.86,67,0,10.07
266,Maunabo,PR,2021-09-24 15:29:31,18.0072,-65.8993,93.04,74,70,6.26
267,Port-Gentil,GA,2021-09-24 15:29:31,-0.7193,8.7815,76.96,94,90,3.44
268,Batagay,RU,2021-09-24 15:29:31,67.6333,134.6333,40.44,61,100,1.5
269,Luderitz,NA,2021-09-24 15:29:32,-26.6481,15.1594,71.19,50,15,21.12
270,Reftinskiy,RU,2021-09-24 15:29:32,57.0901,61.6769,54.0,66,100,4.47
271,Nikki,BJ,2021-09-24 15:29:32,9.9401,3.2108,81.9,78,89,4.81
272,Khao Yoi,TH,2021-09-24 15:29:33,13.2403,99.8243,78.91,92,100,2.17
273,Sirohi,IN,2021-09-24 15:29:33,24.8833,72.8667,80.67,77,59,3.87
274,Torbay,CA,2021-09-24 15:29:33,47.6666,-52.7314,55.27,74,75,13.8
275,Pandamatenga,BW,2021-09-24 15:29:34,-18.5278,25.627,87.26,19,0,7.25
276,Tatarsk,RU,2021-09-24 15:29:34,55.219,75.9828,45.46,78,100,12.55
277,Povenets,RU,2021-09-24 15:29:34,62.8487,34.8262,49.46,91,100,10.85
278,Qaqortoq,GL,2021-09-24 15:29:35,60.7167,-46.0333,36.1,48,1,0.74
279,Trincomalee,LK,2021-09-24 15:29:35,8.5711,81.2335,82.53,77,87,5.95
280,Sumbe,AO,2021-09-24 15:29:35,-11.2061,13.8437,77.11,72,4,6.49
281,Rawah,IQ,2021-09-24 15:29:36,34.4816,41.9093,83.55,32,0,2.62
282,Shinpokh,PK,2021-09-24 15:29:36,34.3292,71.1782,85.41,52,0,4.43
283,Mae Sai,TH,2021-09-24 15:29:36,20.4335,99.8762,76.32,92,65,2.8
284,Miura,JP,2021-09-24 15:29:37,35.14,139.6192,77.36,83,100,10.45
285,Minuri,PH,2021-09-24 15:29:37,16.535,121.8574,73.99,94,29,1.81
286,Turek,PL,2021-09-24 15:29:37,52.0155,18.5005,59.61,50,74,16.6
287,Karakulino,RU,2021-09-24 15:29:38,56.012,53.7067,46.94,80,100,12.33
288,Kushmurun,KZ,2021-09-24 15:29:38,52.4503,64.6311,48.33,40,42,8.68
289,Noumea,NC,2021-09-24 15:29:39,-22.2763,166.4572,62.58,73,100,7.18
290,Vestmannaeyjar,IS,2021-09-24 15:29:39,63.4427,-20.2734,47.39,76,20,3.44
291,Isangel,VU,2021-09-24 15:29:39,-19.55,169.2667,66.31,88,100,2.3
292,Aswan,EG,2021-09-24 15:29:40,24.0934,32.907,101.5,15,0,14.97
293,Codrington,AU,2021-09-24 15:29:40,-38.2667,141.9667,48.18,60,100,19.62
294,Gamba,GA,2021-09-24 15:29:40,-2.65,10.0,77.36,81,94,7.58
295,Bani Walid,LY,2021-09-24 15:29:41,31.7566,13.9942,91.15,31,0,4.14
296,Salinopolis,BR,2021-09-24 15:29:41,-0.6136,-47.3561,86.2,64,43,11.52
297,Kununurra,AU,2021-09-24 15:29:41,-15.7667,128.7333,62.58,72,0,4.61
298,Charters Towers,AU,2021-09-24 15:29:42,-20.1,146.2667,60.21,93,4,8.48
299,Aketi,CD,2021-09-24 15:29:42,2.7388,23.7833,80.58,63,78,2.26
300,Guipavas,FR,2021-09-24 15:29:42,48.4352,-4.3972,68.32,74,75,8.05
301,Flinders,AU,2021-09-24 15:29:43,-34.5833,150.8552,63.21,61,0,1.01
302,Makakilo City,US,2021-09-24 15:29:43,21.3469,-158.0858,75.56,78,1,4.61
303,Padang,ID,2021-09-24 15:29:43,-0.9492,100.3543,78.85,88,100,2.17
304,Norman Wells,CA,2021-09-24 15:29:44,65.282,-126.8329,32.04,93,90,3.44
305,Launceston,AU,2021-09-24 15:29:44,-41.45,147.1667,38.16,81,11,4.0
306,Rincon,US,2021-09-24 15:29:44,32.296,-81.2354,76.86,58,20,10.36
307,Zhuji,CN,2021-09-24 15:29:45,29.7188,120.2423,75.11,87,22,1.52
308,Yala,TH,2021-09-24 15:29:45,6.3333,101.25,76.35,92,100,1.79
309,Ilulissat,GL,2021-09-24 15:29:41,69.2167,-51.1,28.42,43,20,5.75
310,Asau,RO,2021-09-24 15:29:46,46.4333,26.4,60.76,70,100,6.13
311,Kruisfontein,ZA,2021-09-24 15:29:46,-34.0033,24.7314,63.88,63,100,9.51
312,Ringkobing,DK,2021-09-24 15:29:46,56.0901,8.244,62.82,90,83,21.36
313,Axim,GH,2021-09-24 15:29:46,4.8699,-2.2405,82.02,74,28,11.18
314,Alyangula,AU,2021-09-24 15:29:47,-13.8483,136.4192,67.87,83,6,1.14
315,Zdvinsk,RU,2021-09-24 15:29:47,54.7021,78.661,44.58,82,100,15.79
316,Lubango,AO,2021-09-24 15:29:48,-14.9172,13.4925,79.88,31,77,11.16
317,Gweta,BW,2021-09-24 15:29:48,-20.1833,25.2333,89.6,14,0,12.39
318,Lorica,CO,2021-09-24 15:29:48,9.2365,-75.8135,79.3,87,99,2.37
319,College,US,2021-09-24 15:29:44,64.8569,-147.8028,31.95,91,90,8.05
320,Belaya Gora,RU,2021-09-24 15:29:49,68.5333,146.4167,33.1,89,64,7.52
321,Cayenne,GF,2021-09-24 15:29:49,4.9333,-52.3333,91.44,76,75,1.99
322,Hornepayne,CA,2021-09-24 15:29:49,49.2138,-84.7705,42.71,79,100,5.55
323,Polson,US,2021-09-24 15:29:50,47.6936,-114.1632,49.71,36,0,1.34
324,Lorengau,PG,2021-09-24 15:29:50,-2.0226,147.2712,81.55,76,11,8.75
325,Coquimbo,CL,2021-09-24 15:29:50,-29.9533,-71.3436,56.93,82,75,6.91
326,Husavik,IS,2021-09-24 15:29:51,66.0449,-17.3389,39.11,73,96,3.96
327,Hasanabad,IR,2021-09-24 15:29:51,36.5465,61.0543,91.62,13,0,4.61
328,Roma,US,2021-09-24 15:28:28,43.2128,-75.4557,64.38,66,90,10.36
329,Tabou,CI,2021-09-24 15:29:51,4.423,-7.3528,81.3,80,37,10.36
330,Beyneu,KZ,2021-09-24 15:29:52,45.3167,55.2,71.67,24,0,27.65
331,Ahuimanu,US,2021-09-24 15:29:52,21.4447,-157.8378,76.75,79,90,6.91
332,Moranbah,AU,2021-09-24 15:29:52,-22.0016,148.0466,59.54,78,0,5.75
333,Ilhabela,BR,2021-09-24 15:29:53,-23.7781,-45.3581,72.54,61,61,7.76
334,Ivaipora,BR,2021-09-24 15:29:53,-24.2478,-51.6847,83.84,30,99,4.29
335,Coelho Neto,BR,2021-09-24 15:29:53,-4.2567,-43.0128,99.5,28,17,5.68
336,Sungaipenuh,ID,2021-09-24 15:29:54,-2.0833,101.3833,65.44,97,100,2.15
337,Kyabe,TD,2021-09-24 15:29:54,9.4515,18.9449,82.47,75,91,3.44
338,Xingyi,CN,2021-09-24 15:29:54,24.1877,102.817,60.37,93,9,2.62
339,Berlevag,NO,2021-09-24 15:29:55,70.8578,29.0864,50.0,87,57,18.41
340,Shache,CN,2021-09-24 15:29:55,38.4167,77.2406,75.58,18,0,8.43
341,Rocha,UY,2021-09-24 15:28:26,-34.4833,-54.3333,62.98,67,12,11.05
342,Yerbogachen,RU,2021-09-24 15:29:55,61.2767,108.0108,39.36,90,100,5.64
343,Port-Cartier,CA,2021-09-24 15:29:56,50.0334,-66.8654,50.94,89,100,15.01
344,Berbera,SO,2021-09-24 15:29:56,10.4396,45.0143,93.09,51,93,2.28
345,Whitianga,NZ,2021-09-24 15:29:57,-36.8333,175.7,49.01,92,26,6.62
346,Mitsamiouli,KM,2021-09-24 15:29:57,-11.3847,43.2844,80.89,74,40,12.66
347,Iralaya,HN,2021-09-24 15:29:57,15.0,-83.2333,87.89,64,39,5.91
348,Port Shepstone,ZA,2021-09-24 15:29:58,-30.7414,30.455,68.86,75,46,10.22
349,Carballo,ES,2021-09-24 15:29:58,43.213,-8.691,77.54,78,78,7.65
350,Bermeo,ES,2021-09-24 15:29:58,43.4209,-2.7215,80.24,66,75,11.92
351,Vila Franca Do Campo,PT,2021-09-24 15:29:59,37.7167,-25.4333,70.21,62,55,4.36
352,Kalianget,ID,2021-09-24 15:29:59,-7.05,113.9333,81.66,75,66,11.3
353,Dashitou,CN,2021-09-24 15:29:59,43.3067,128.5114,48.52,94,100,3.33
354,Avarua,CK,2021-09-24 15:25:10,-21.2078,-159.775,66.25,88,90,2.3
355,Geraldton,AU,2021-09-24 15:30:00,-28.7667,114.6,57.61,82,20,8.05
356,Kaili,ID,2021-09-24 15:30:00,-3.4626,120.2147,66.49,96,100,2.75
357,Beian,NO,2021-09-24 15:30:01,63.6559,9.5683,50.09,87,75,9.22
358,Aklavik,CA,2021-09-24 15:30:01,68.2191,-135.0107,31.03,92,100,10.25
359,Kachiry,KZ,2021-09-24 15:30:01,53.0675,76.1036,40.68,64,90,8.72
360,Georgetown,MY,2021-09-24 15:30:02,5.4112,100.3354,83.89,84,20,3.44
361,Amga,RU,2021-09-24 15:30:02,60.8953,131.9608,44.06,63,94,9.24
362,Hukuntsi,BW,2021-09-24 15:30:03,-24.0,21.75,87.31,14,2,5.66
363,Aksu,CN,2021-09-24 15:30:04,41.1231,80.2644,73.0,24,4,5.08
364,Ambalavao,MG,2021-09-24 15:30:04,-21.8333,46.9333,60.76,85,20,6.02
365,Tautira,PF,2021-09-24 15:30:05,-17.7333,-149.15,73.42,64,22,10.18
366,Srednekolymsk,RU,2021-09-24 15:30:05,67.45,153.6833,31.06,90,56,6.78
367,Sur,OM,2021-09-24 15:30:06,22.5667,59.5289,84.34,71,54,10.4
368,Kargasok,RU,2021-09-24 15:30:06,59.0556,80.8572,34.66,97,100,7.67
369,Penzance,GB,2021-09-24 15:30:06,50.1186,-5.5371,63.77,94,100,7.38
370,Tamandare,BR,2021-09-24 15:30:07,-8.7597,-35.1047,82.63,64,20,13.18
371,Avera,US,2021-09-24 15:30:08,33.194,-82.5271,72.28,43,0,7.65
372,Patitirion,GR,2021-09-24 15:30:09,39.15,23.8667,72.95,44,89,7.07
373,Mount Gambier,AU,2021-09-24 15:30:09,-37.8333,140.7667,44.51,81,75,5.75
374,Kenora,CA,2021-09-24 15:30:08,49.8167,-94.4337,51.78,53,75,6.91
375,Kozhva,RU,2021-09-24 15:30:10,65.1073,57.0459,40.98,88,48,5.12
376,Moerai,PF,2021-09-24 15:29:51,-22.4333,-151.3333,70.47,73,12,10.56
377,Ekibastuz,KZ,2021-09-24 15:30:10,51.6667,75.3667,42.08,54,56,4.97
378,La Asuncion,VE,2021-09-24 15:30:10,11.0333,-63.8628,85.73,66,4,8.9
379,Mackenzie,CA,2021-09-24 15:30:07,55.2999,-123.1698,48.42,93,90,6.91
380,Mahebourg,MU,2021-09-24 15:30:11,-20.4081,57.7,72.25,78,40,11.5
381,El Sauzal,MX,2021-09-24 15:30:11,31.9,-116.6833,65.41,88,2,4.03
382,Grieskirchen,AT,2021-09-24 15:30:11,48.2333,13.8333,71.91,73,12,5.53
383,Guacara,VE,2021-09-24 15:30:12,10.2261,-67.877,84.06,74,75,5.61
384,Williamsburg,US,2021-09-24 15:29:58,37.2707,-76.7075,73.15,55,1,4.61
385,Ponta Delgada,PT,2021-09-24 15:30:12,37.7333,-25.6667,70.52,68,40,8.05
386,Ossora,RU,2021-09-24 15:30:13,59.2353,163.0719,41.0,79,10,4.38
387,Marawi,PH,2021-09-24 15:29:52,7.9986,124.2928,69.66,96,100,0.43
388,Stokmarknes,NO,2021-09-24 15:30:13,68.5646,14.9108,50.49,71,75,8.05
389,Borgo San Dalmazzo,IT,2021-09-24 15:30:13,44.333,7.4858,73.89,42,0,4.29
390,Behshahr,IR,2021-09-24 15:30:14,36.6923,53.5526,78.75,81,0,2.64
391,San Juan,AR,2021-09-24 15:30:14,-31.5375,-68.5364,81.73,15,0,7.92
392,Kaeo,NZ,2021-09-24 15:30:14,-35.1,173.7833,47.32,93,18,3.36
393,Kokopo,PG,2021-09-24 15:30:15,-4.352,152.2633,76.73,84,62,7.94
394,Porbandar,IN,2021-09-24 15:30:15,21.6422,69.6093,80.58,89,75,4.61
395,Chichimila,MX,2021-09-24 15:30:15,20.6167,-88.2167,87.06,64,72,1.92
396,Nishihara,JP,2021-09-24 15:30:16,26.1842,127.7558,79.88,76,20,5.75
397,Sawtell,AU,2021-09-24 15:30:16,-30.3833,153.1,53.62,82,0,4.61
398,Qui Nhon,VN,2021-09-24 15:29:11,13.7667,109.2333,79.0,84,100,3.31
399,Los Llanos De Aridane,ES,2021-09-24 15:30:16,28.6585,-17.9182,73.13,77,75,5.75
400,Taicheng,CN,2021-09-24 15:30:17,38.731,113.228,59.11,95,100,3.49
401,Farmington,US,2021-09-24 15:26:51,36.7281,-108.2187,72.19,36,1,5.75
402,Manaure,CO,2021-09-24 15:30:17,11.7751,-72.4445,89.31,60,89,7.43
403,Sorland,NO,2021-09-24 15:30:18,67.667,12.6934,46.47,73,100,11.18
404,Mareeba,AU,2021-09-24 15:30:18,-17.0,145.4333,65.48,90,45,1.95
405,Kavaratti,IN,2021-09-24 15:30:18,10.5669,72.642,82.29,76,40,11.88
406,Valparaiso,CL,2021-09-24 15:30:19,-33.0393,-71.6273,58.12,87,20,5.75
407,Yalta,UA,2021-09-24 15:30:19,44.5,34.1667,60.62,78,100,13.89
408,Mortka,RU,2021-09-24 15:30:19,59.3322,66.0214,41.04,89,13,1.34
409,Turinsk,RU,2021-09-24 15:30:20,58.0458,63.696,43.29,76,51,2.93
410,Barrhead,GB,2021-09-24 15:30:20,55.7992,-4.3929,65.97,84,75,5.01
411,Jasper,US,2021-09-24 15:30:20,37.2001,-94.3502,72.36,48,75,4.0
412,Vitim,RU,2021-09-24 15:30:21,59.4511,112.5578,38.77,77,100,4.68
413,Nouakchott,MR,2021-09-24 15:30:20,18.0858,-15.9785,82.33,64,95,16.89
414,Balangir,IN,2021-09-24 15:30:21,20.7167,83.4833,79.57,84,54,2.75
415,Zagyvarekas,HU,2021-09-24 15:30:22,47.2667,20.1333,70.12,46,0,19.57
416,Vila Velha,BR,2021-09-24 15:26:25,-20.3297,-40.2925,75.96,51,20,11.5
417,West Hartford,US,2021-09-24 15:30:22,41.762,-72.742,66.34,95,90,1.01
418,Jinchang,CN,2021-09-24 15:30:22,38.4953,102.1739,68.49,54,100,7.27
419,Port Blair,IN,2021-09-24 15:30:23,11.6667,92.75,80.74,82,96,13.56
420,Talnakh,RU,2021-09-24 15:30:23,69.4865,88.3972,33.78,76,0,4.92
421,Sicamous,CA,2021-09-24 15:30:08,50.8331,-118.9856,49.89,50,70,1.68
422,Safaga,EG,2021-09-24 15:30:24,26.7292,33.9365,89.55,51,0,20.98
423,Cidreira,BR,2021-09-24 15:30:24,-30.1811,-50.2056,65.08,77,89,10.42
424,Vila Praia De Ancora,PT,2021-09-24 15:30:24,41.811,-8.8526,73.74,78,71,4.21
425,Malanje,AO,2021-09-24 15:30:24,-9.5402,16.341,84.33,29,98,6.85
426,Biu,NG,2021-09-24 15:30:25,10.6129,12.1946,80.62,66,91,2.73
427,Saint-Denis,FR,2021-09-24 15:30:25,48.9167,2.3333,74.14,56,0,1.01
428,Sola,VU,2021-09-24 15:30:26,-13.8833,167.55,78.48,81,40,17.22
429,Mayor Pablo Lagerenza,PY,2021-09-24 15:30:26,-19.9309,-60.7718,90.3,22,100,7.4
430,Lukovetskiy,RU,2021-09-24 15:30:26,64.2956,41.9211,49.98,91,100,9.62
431,Larsnes,NO,2021-09-24 15:30:27,62.2028,5.5773,57.61,82,95,25.43
432,Clyde River,CA,2021-09-24 15:30:27,70.4692,-68.5914,32.23,74,20,6.91
433,Terrace Bay,CA,2021-09-24 15:30:27,48.7834,-87.1,49.62,54,99,7.56
434,Omsukchan,RU,2021-09-24 15:30:28,62.5333,155.8,34.3,81,71,2.66
435,Nemuro,JP,2021-09-24 15:30:00,43.3236,145.575,52.02,78,0,8.72
436,Raudeberg,NO,2021-09-24 15:30:28,61.9875,5.1352,56.8,93,93,11.99
437,Camacha,PT,2021-09-24 15:30:29,33.0833,-16.3333,72.82,57,20,10.36
438,Chapada Dos Guimaraes,BR,2021-09-24 15:30:29,-15.4606,-55.7497,83.86,14,10,3.96
439,Palma,ES,2021-09-24 15:30:29,39.5694,2.6502,86.05,68,40,5.01
440,Manokwari,ID,2021-09-24 15:30:30,-0.8667,134.0833,79.3,73,100,1.7
441,Gornopravdinsk,RU,2021-09-24 15:30:30,60.05,69.9,40.44,74,100,2.75
442,Bonavista,CA,2021-09-24 15:30:30,48.6499,-53.1147,55.4,67,36,17.29
443,Gazanjyk,TM,2021-09-24 15:30:31,39.2446,55.5154,84.6,22,0,6.42
444,Sao Raimundo Nonato,BR,2021-09-24 15:30:31,-9.0153,-42.6994,94.17,30,18,12.68
445,Mackay,AU,2021-09-24 15:30:31,-21.15,149.2,62.04,94,1,4.61
446,Dakar,SN,2021-09-24 15:29:48,14.6937,-17.4441,88.68,70,20,11.5
447,San Joaquin,US,2021-09-24 15:30:32,37.9333,-121.3011,74.35,66,1,0.0
448,Mahibadhoo,MV,2021-09-24 15:30:32,3.7833,72.9667,77.04,86,100,14.0
449,Langres,FR,2021-09-24 15:30:32,47.8333,5.3333,71.19,65,0,3.11
450,Igarka,RU,2021-09-24 15:30:33,67.4667,86.5833,32.07,82,1,8.55
451,Wattegama,LK,2021-09-24 15:30:33,6.7989,81.4808,77.92,89,68,5.32
452,Palmer,US,2021-09-24 15:27:01,42.1584,-72.3287,71.02,81,90,5.75
453,Daru,PG,2021-09-24 15:29:30,-9.0763,143.2092,76.73,89,88,11.72
454,Half Moon Bay,US,2021-09-24 15:30:34,37.4636,-122.4286,69.75,84,90,5.75
455,Santa Fe,AR,2021-09-24 15:29:14,-31.6333,-60.7,75.02,40,0,1.99
456,Merauke,ID,2021-09-24 15:30:34,-8.4667,140.3333,75.92,89,92,9.93
457,Kargil,IN,2021-09-24 15:30:34,34.5667,76.1,57.4,36,76,6.82
458,Ca Mau,VN,2021-09-24 15:30:35,9.1769,105.15,77.49,90,100,3.4
459,Beloha,MG,2021-09-24 15:30:35,-25.1667,45.05,75.0,63,0,13.11
460,Kuusamo,FI,2021-09-24 15:30:35,65.9667,29.1833,42.84,93,90,9.22
461,Lagoa,PT,2021-09-24 15:30:36,39.05,-27.9833,70.07,72,43,15.46
462,Shizunai,JP,2021-09-24 15:30:36,42.3339,142.3669,53.22,80,0,6.85
463,Novopokrovka,UA,2021-09-24 15:30:36,49.8425,36.5477,48.58,91,100,14.76
464,Linhares,BR,2021-09-24 15:29:24,-19.3911,-40.0722,80.06,39,62,9.08
465,Wanning,CN,2021-09-24 15:30:37,18.8003,110.3967,79.68,88,100,6.33
466,Hovd,MN,2021-09-24 15:30:37,48.0056,91.6419,42.67,55,42,6.31
467,Sambava,MG,2021-09-24 15:30:38,-14.2667,50.1667,73.94,77,1,17.96
468,Richards Bay,ZA,2021-09-24 15:30:38,-28.783,32.0377,68.5,83,66,6.6
469,Ostrovnoy,RU,2021-09-24 15:30:39,68.0531,39.5131,47.55,88,100,18.86
470,Atar,MR,2021-09-24 15:30:39,20.5169,-13.0499,103.64,12,28,9.75
471,Kiama,AU,2021-09-24 15:30:39,-34.6833,150.8667,63.0,58,0,7.83
472,Maniitsoq,GL,2021-09-24 15:30:40,65.4167,-52.9,33.55,57,28,2.59
473,Katsina,NG,2021-09-24 15:30:40,12.9894,7.6006,91.56,30,100,7.05
474,Belin,RO,2021-09-24 15:30:41,45.9333,25.5667,57.72,79,100,7.11
475,Labuhan,ID,2021-09-24 15:30:41,-6.8844,112.2051,80.6,77,68,8.57
476,Seoul,KR,2021-09-24 15:30:14,37.5683,126.9778,71.04,78,0,10.36
477,Aromashevo,RU,2021-09-24 15:30:42,56.8602,68.6375,42.91,75,94,4.45
478,Kisanga,TZ,2021-09-24 15:30:42,-7.4362,37.7034,82.92,46,61,9.48
479,Karratha,AU,2021-09-24 15:30:42,-20.7377,116.8463,73.36,71,3,9.91
480,Mahajanga,MG,2021-09-24 15:30:43,-15.7167,46.3167,78.82,65,0,8.05
481,Nanpiao,CN,2021-09-24 15:30:43,41.0982,120.7479,62.29,96,100,2.39
482,Tacna,PE,2021-09-24 15:30:43,-18.0056,-70.2483,57.4,72,40,6.91
483,Zyryanka,RU,2021-09-24 15:30:44,65.75,150.85,32.25,93,100,2.51
484,Autun,FR,2021-09-24 15:30:44,46.95,4.3,74.1,57,0,2.37
485,Poum,NC,2021-09-24 15:30:45,-20.2333,164.0167,71.94,69,100,17.54
486,Ha Giang,VN,2021-09-24 15:30:45,22.8333,104.9833,75.7,97,98,0.67
487,Nanortalik,GL,2021-09-24 15:30:46,60.1432,-45.2371,36.3,47,0,15.46
488,Henties Bay,NA,2021-09-24 15:30:46,-22.116,14.2845,56.86,75,6,9.26
489,Fort Smith,US,2021-09-24 15:30:46,35.3859,-94.3986,69.26,60,1,1.99
490,Sagua La Grande,CU,2021-09-24 15:30:46,22.8067,-80.0756,85.19,58,40,4.09
491,Coahuayana,MX,2021-09-24 15:30:47,18.7333,-103.6833,86.43,68,85,1.59
492,Araouane,ML,2021-09-24 15:30:47,18.9048,-3.5265,104.54,14,72,1.43
493,Bijie,CN,2021-09-24 15:30:48,27.3125,105.2942,63.99,91,0,9.91
494,Maceio,BR,2021-09-24 15:29:42,-9.6658,-35.7353,83.64,74,75,12.66
495,Russell,US,2021-09-24 15:30:48,32.3502,-85.1999,70.92,62,1,0.0
496,Thinadhoo,MV,2021-09-24 15:30:48,0.5333,72.9333,82.8,64,100,12.71
497,Tigil,RU,2021-09-24 15:30:49,57.8,158.6667,37.31,90,0,1.66
498,Leningradskiy,RU,2021-09-24 15:30:49,69.3833,178.4167,22.46,89,100,11.99
499,Coihaique,CL,2021-09-24 15:30:50,-45.5752,-72.0662,59.61,72,75,5.75
500,Teknaf,BD,2021-09-24 15:30:50,20.8624,92.3058,79.56,90,100,7.14
501,Mandera,KE,2021-09-24 15:30:51,3.9366,41.867,91.81,29,92,15.39
502,Puerto Escondido,MX,2021-09-24 15:30:51,15.85,-97.0667,84.97,64,100,2.89
503,Upata,VE,2021-09-24 15:30:51,8.0086,-62.3989,83.26,70,50,4.83
504,Aquidauana,BR,2021-09-24 15:30:52,-20.4711,-55.7872,102.76,17,72,3.78
505,Westport,US,2021-09-24 15:30:53,41.1415,-73.3579,69.1,84,90,1.01
506,Dalvik,IS,2021-09-24 15:30:53,65.9702,-18.5286,39.13,82,96,5.57
507,Trairi,BR,2021-09-24 15:30:53,-3.2778,-39.2689,89.15,52,9,17.81
508,Opuwo,NA,2021-09-24 15:30:54,-18.0607,13.84,94.19,9,0,5.75
509,Shenjiamen,CN,2021-09-24 15:30:54,29.9576,122.298,74.75,72,72,7.61
510,Kerrville,US,2021-09-24 15:30:54,30.0474,-99.1403,74.62,56,1,3.0
511,Manoel Urbano,BR,2021-09-24 15:30:55,-8.8389,-69.2597,99.48,32,36,2.17
512,Hlotse,LS,2021-09-24 15:30:55,-28.8718,28.045,71.62,24,9,5.79
513,Namibe,AO,2021-09-24 15:30:20,-15.1961,12.1522,70.47,85,32,9.75
514,Portland,US,2021-09-24 15:27:06,45.5234,-122.6762,62.74,86,1,1.01
515,Lamu,KE,2021-09-24 15:30:56,-2.2717,40.902,79.02,80,97,13.89
516,San Benedetto Del Tronto,IT,2021-09-24 15:30:56,42.9456,13.8816,78.87,56,0,8.5
517,Buraydah,SA,2021-09-24 15:30:25,26.326,43.975,100.85,12,0,3.91
518,Alice Town,BS,2021-09-24 15:30:57,25.7167,-79.3,82.8,68,24,0.13
519,Luanda,AO,2021-09-24 15:28:47,-8.8368,13.2343,78.8,69,0,10.36
520,Fortuna,US,2021-09-24 15:30:57,40.5982,-124.1573,65.35,59,1,1.99
521,Acireale,IT,2021-09-24 15:30:58,37.6125,15.1663,80.73,76,0,13.8
522,Challapata,BO,2021-09-24 15:30:58,-18.9,-66.7667,56.8,36,4,10.09
523,Sabha,LY,2021-09-24 15:30:58,27.0377,14.4283,96.35,12,0,9.26
524,Wenzhou,CN,2021-09-24 15:30:59,27.9994,120.6668,73.78,83,42,2.26
525,Awbari,LY,2021-09-24 15:30:59,26.5921,12.7805,96.87,10,0,11.7
526,Dabakala,CI,2021-09-24 15:31:00,8.3667,-4.4333,83.64,71,64,3.53
527,Saint-Joseph,RE,2021-09-24 15:31:00,-21.3667,55.6167,71.98,80,39,13.44
528,Islamkot,PK,2021-09-24 15:31:00,24.6997,70.177,88.92,60,71,9.62
529,Werda,BW,2021-09-24 15:31:01,-25.2667,23.2833,85.12,17,0,5.12
530,Palitana,IN,2021-09-24 15:31:02,21.5167,71.8333,79.83,85,23,7.78
531,Xining,CN,2021-09-24 15:31:02,36.6167,101.7667,55.27,78,92,1.36
532,Makat,KZ,2021-09-24 15:31:02,47.6469,53.3463,69.93,23,32,31.18
533,Sao Lourenco Do Oeste,BR,2021-09-24 15:31:03,-26.3592,-52.8511,69.13,69,75,5.01
534,Varna,BG,2021-09-24 15:31:03,43.2167,27.9167,71.74,30,0,6.91
535,Aljezur,PT,2021-09-24 15:30:25,37.3191,-8.8033,70.75,67,71,10.22
536,Mbini,GQ,2021-09-24 15:31:04,1.574,9.6134,80.96,72,99,7.36
537,San Carlos De Bariloche,AR,2021-09-24 15:30:28,-41.1456,-71.3082,56.95,35,0,2.3
538,Hualmay,PE,2021-09-24 15:31:04,-11.0964,-77.6139,68.56,68,27,8.08
539,Rawson,AR,2021-09-24 15:31:04,-43.3002,-65.1023,76.51,20,1,23.91
540,Sistranda,NO,2021-09-24 15:31:05,63.7256,8.834,49.96,82,100,34.07
541,Minden,DE,2021-09-24 15:31:05,52.2833,8.9167,67.77,81,90,12.66
542,Kolo,PL,2021-09-24 15:31:05,52.2002,18.6387,61.0,54,56,15.79
543,Pangody,RU,2021-09-24 15:31:06,65.85,74.4859,33.98,82,13,7.74
544,Beisfjord,NO,2021-09-24 15:31:06,68.3751,17.5988,49.24,88,100,5.5
545,Kuala Terengganu,MY,2021-09-24 15:31:07,5.3302,103.1408,76.95,94,20,4.61
546,Egvekinot,RU,2021-09-24 15:31:07,66.3167,-179.1667,19.62,83,61,14.27
547,Buanoy,PH,2021-09-24 15:31:08,10.4675,123.6999,84.13,86,42,4.23
548,Bokoro,TD,2021-09-24 15:31:08,12.3807,17.0568,95.77,29,42,3.8
549,Abapo,BO,2021-09-24 15:31:08,-18.8333,-63.4667,87.53,24,3,4.5
550,Ialibu,PG,2021-09-24 15:31:09,-6.2821,143.9935,54.7,98,97,1.9
551,Yei,SS,2021-09-24 15:30:16,4.095,30.6779,69.22,93,77,3.22
552,Zaysan,KZ,2021-09-24 15:31:09,47.4667,84.8667,37.33,51,7,7.54
553,Amapa,BR,2021-09-24 15:31:10,1.0,-52.0,95.02,35,100,4.43
554,Turukhansk,RU,2021-09-24 15:31:10,65.8167,87.9833,30.33,88,27,9.28
555,Lodingen,NO,2021-09-24 15:31:10,68.414,15.9951,50.43,75,99,8.99
556,Wad Rawah,SD,2021-09-24 15:31:11,15.1603,33.1397,88.5,44,100,10.4
557,Santa Maria,BR,2021-09-24 15:31:11,-29.6842,-53.8069,61.9,82,90,3.44
558,Olinda,BR,2021-09-24 15:31:11,-8.0089,-34.8553,80.33,74,75,12.66
559,Huarmey,PE,2021-09-24 15:31:12,-10.0681,-78.1522,68.72,72,48,8.19
560,Broken Hill,AU,2021-09-24 15:31:12,-31.95,141.4333,53.31,54,0,19.57
561,Olafsvik,IS,2021-09-24 15:30:56,64.8945,-23.7142,44.26,65,76,15.5
562,Andenes,NO,2021-09-24 15:31:13,69.3143,16.1194,48.18,71,20,13.8
563,Mbandaka,CD,2021-09-24 15:31:13,0.0487,18.2603,76.1,86,91,4.16
564,Nieuw Nickerie,SR,2021-09-24 15:31:13,5.95,-56.9833,84.85,72,100,9.55
565,Saint-Jean-De-Maurienne,FR,2021-09-24 15:31:14,45.1667,6.5833,58.24,55,2,3.69
566,Santa Marta,CO,2021-09-24 15:30:29,11.2408,-74.199,85.33,81,48,7.61
567,Ulaanbaatar,MN,2021-09-24 15:30:48,47.9077,106.8832,50.13,66,0,4.47
568,Behbahan,IR,2021-09-24 15:31:14,30.5959,50.2417,96.76,18,0,2.04
569,Houma,US,2021-09-24 15:31:15,29.5958,-90.7195,75.99,58,1,9.22
570,Bayamo,CU,2021-09-24 15:31:15,20.3792,-76.6433,86.52,46,6,1.52
571,Novyy Urgal,RU,2021-09-24 15:31:15,51.0736,132.5642,43.02,87,93,2.17
572,Anito,PH,2021-09-24 15:31:16,12.4497,125.2886,79.93,89,46,6.02
573,Ashland,US,2021-09-24 15:31:16,40.8167,-82.2665,66.27,55,2,15.64
574,Tomatlan,MX,2021-09-24 15:31:16,19.9333,-105.25,84.24,70,98,1.14
575,Tabuk,PH,2021-09-24 15:31:17,17.4189,121.4443,74.01,89,37,3.13
576,Sao Benedito Do Rio Preto,BR,2021-09-24 15:31:17,-3.3336,-43.5283,98.22,30,25,4.0
577,Askiz,RU,2021-09-24 15:31:17,53.1319,90.5264,34.45,86,31,8.32
578,Kuytun,RU,2021-09-24 15:31:18,54.3419,101.5036,37.38,90,100,3.65
579,Jiwani,PK,2021-09-24 15:31:18,25.05,61.7417,81.01,85,99,10.54
580,Pabna,BD,2021-09-24 15:31:18,24.0,89.25,83.59,75,1,2.59
581,Ranau,MY,2021-09-24 15:31:19,5.9538,116.6641,72.25,97,42,0.89
582,Arlit,NE,2021-09-24 15:31:19,18.7369,7.3853,103.46,6,1,5.01
583,Williston,US,2021-09-24 15:29:42,48.147,-103.618,54.91,45,7,5.99
584,Sao Joao Da Barra,BR,2021-09-24 15:31:19,-21.6403,-41.0511,75.29,61,19,16.75
585,Komsomolskiy,UZ,2021-09-24 15:31:20,40.4272,71.7189,70.52,37,0,6.91
